{"cameraMode":{"drawMode":0,"name":"Shaded","section":"Shading Mode"},"sceneLighting":false,"audioPlay":false,"sceneViewState":{"showFog":false,"showMaterialUpdate":false,"showSkybox":false,"showFlares":false,"showImageEffects":false,"showParticleSystems":false},"in2DMode":false,"pivot":{"x":0.2903924584388733,"y":-0.20000000298023225,"z":1.1993674039840699},"rotation":{"x":0.1076662465929985,"y":0.8714159727096558,"z":-0.22102254629135133,"w":0.4244893193244934},"size":0.5715768337249756,"orthographic":false}