{"cameraMode":{"drawMode":0,"name":"Shaded","section":"Shading Mode"},"sceneLighting":false,"audioPlay":false,"sceneViewState":{"showFog":false,"showMaterialUpdate":false,"showSkybox":false,"showFlares":false,"showImageEffects":false,"showParticleSystems":false},"in2DMode":false,"pivot":{"x":4.70076847076416,"y":8.927204132080079,"z":-2.079226493835449},"rotation":{"x":-0.10292293131351471,"y":0.6983414888381958,"z":-0.10255304723978043,"w":-0.7008629441261292},"size":37.60237503051758,"orthographic":false}