{"cameraMode":{"drawMode":0,"name":"Shaded","section":"Shading Mode"},"sceneLighting":false,"audioPlay":false,"sceneViewState":{"showFog":false,"showMaterialUpdate":false,"showSkybox":false,"showFlares":false,"showImageEffects":false,"showParticleSystems":false},"in2DMode":false,"pivot":{"x":5.596325397491455,"y":7.034897327423096,"z":-4.260004043579102},"rotation":{"x":-0.19435007870197297,"y":-0.6320154070854187,"z":0.16800226271152497,"w":-0.7311359643936157},"size":34.64447021484375,"orthographic":false}