{"cameraMode":{"drawMode":0,"name":"Shaded","section":"Shading Mode"},"sceneLighting":false,"audioPlay":false,"sceneViewState":{"showFog":false,"showMaterialUpdate":false,"showSkybox":false,"showFlares":false,"showImageEffects":false,"showParticleSystems":false},"in2DMode":false,"pivot":{"x":47.08971405029297,"y":-20.89130973815918,"z":-12.712810516357422},"rotation":{"x":0.058199767023324969,"y":0.9242740273475647,"z":-0.15675655007362367,"w":0.34315845370292666},"size":65.35271453857422,"orthographic":false}