{"cameraMode":{"drawMode":0,"name":"Shaded","section":"Shading Mode"},"sceneLighting":true,"audioPlay":false,"sceneViewState":{"showFog":false,"showMaterialUpdate":false,"showSkybox":false,"showFlares":false,"showImageEffects":false,"showParticleSystems":false},"in2DMode":false,"pivot":{"x":0.4700000286102295,"y":2.549999952316284,"z":5.789999961853027},"rotation":{"x":0.26453980803489687,"y":0.6458399295806885,"z":-0.2553357183933258,"w":0.6691137552261353},"size":15.818479537963868,"orthographic":true}