{"cameraMode":{"drawMode":0,"name":"Shaded","section":"Shading Mode"},"sceneLighting":false,"audioPlay":false,"sceneViewState":{"showFog":false,"showMaterialUpdate":false,"showSkybox":false,"showFlares":false,"showImageEffects":false,"showParticleSystems":false},"in2DMode":false,"pivot":{"x":14.289999961853028,"y":0.6029999256134033,"z":-62.97999954223633},"rotation":{"x":0.3418315052986145,"y":-0.012686243280768395,"z":0.0046149929985404018,"w":0.9396643042564392},"size":3.682124614715576,"orthographic":false}