{"cameraMode":{"drawMode":0,"name":"Shaded","section":"Shading Mode"},"sceneLighting":false,"audioPlay":false,"sceneViewState":{"showFog":false,"showMaterialUpdate":false,"showSkybox":false,"showFlares":false,"showImageEffects":false,"showParticleSystems":false},"in2DMode":false,"pivot":{"x":-2.052297592163086,"y":4.221494674682617,"z":-65.93315124511719},"rotation":{"x":0.2651447057723999,"y":-0.3002391457557678,"z":0.08727803081274033,"w":0.9121059775352478},"size":33.99470138549805,"orthographic":false}