{"cameraMode":{"drawMode":0,"name":"Shaded","section":"Shading Mode"},"sceneLighting":false,"audioPlay":false,"sceneViewState":{"showFog":false,"showMaterialUpdate":false,"showSkybox":false,"showFlares":false,"showImageEffects":false,"showParticleSystems":false},"in2DMode":false,"pivot":{"x":4.010000228881836,"y":-0.019999995827674867,"z":-2.0999999046325685},"rotation":{"x":0.1076662465929985,"y":0.8714159727096558,"z":-0.22102254629135133,"w":0.4244893193244934},"size":2.8578836917877199,"orthographic":false}