{"cameraMode":{"drawMode":0,"name":"Shaded","section":"Shading Mode"},"sceneLighting":false,"audioPlay":false,"sceneViewState":{"showFog":false,"showMaterialUpdate":false,"showSkybox":false,"showFlares":false,"showImageEffects":false,"showParticleSystems":false},"in2DMode":false,"pivot":{"x":-2.422980308532715,"y":-0.76579350233078,"z":-140.27969360351563},"rotation":{"x":-0.05139412730932236,"y":0.9247214198112488,"z":-0.1349392980337143,"w":-0.35219359397888186},"size":17.322921752929689,"orthographic":false}