{"cameraMode":{"drawMode":0,"name":"Shaded","section":"Shading Mode"},"sceneLighting":false,"audioPlay":false,"sceneViewState":{"showFog":false,"showMaterialUpdate":false,"showSkybox":false,"showFlares":false,"showImageEffects":false,"showParticleSystems":false},"in2DMode":false,"pivot":{"x":-4.76837158203125e-7,"y":1.4999995231628419,"z":-3.499999523162842},"rotation":{"x":-0.029643114656209947,"y":0.9572638273239136,"z":-0.10611473023891449,"w":-0.26740777492523196},"size":25.401432037353517,"orthographic":false}