{"cameraMode":{"drawMode":0,"name":"Shaded","section":"Shading Mode"},"sceneLighting":false,"audioPlay":false,"sceneViewState":{"showFog":false,"showMaterialUpdate":false,"showSkybox":false,"showFlares":false,"showImageEffects":false,"showParticleSystems":false},"in2DMode":false,"pivot":{"x":-1.8646401166915894,"y":-1.1136678457260132,"z":-3.336372137069702},"rotation":{"x":-0.04072337970137596,"y":0.9513490200042725,"z":-0.1437830626964569,"w":-0.2694496512413025},"size":6.977975368499756,"orthographic":false}