{"cameraMode":{"drawMode":0,"name":"Shaded","section":"Shading Mode"},"sceneLighting":true,"audioPlay":false,"sceneViewState":{"showFog":false,"showMaterialUpdate":false,"showSkybox":false,"showFlares":false,"showImageEffects":false,"showParticleSystems":false},"in2DMode":false,"pivot":{"x":0.8464074730873108,"y":0.48148348927497866,"z":-0.8212389945983887},"rotation":{"x":0.1076662465929985,"y":0.8714159727096558,"z":-0.22102254629135133,"w":0.4244893193244934},"size":9.046494483947754,"orthographic":false}