{"cameraMode":{"drawMode":0,"name":"Shaded","section":"Shading Mode"},"sceneLighting":false,"audioPlay":false,"sceneViewState":{"showFog":false,"showMaterialUpdate":false,"showSkybox":false,"showFlares":false,"showImageEffects":false,"showParticleSystems":false},"in2DMode":false,"pivot":{"x":-6.100635528564453,"y":4.078176975250244,"z":-8.539922714233399},"rotation":{"x":-0.036851391196250918,"y":0.9546462297439575,"z":-0.13346165418624879,"w":-0.2635917067527771},"size":4.9680962562561039,"orthographic":false}