{"cameraMode":{"drawMode":0,"name":"Shaded","section":"Shading Mode"},"sceneLighting":false,"audioPlay":false,"sceneViewState":{"showFog":false,"showMaterialUpdate":false,"showSkybox":false,"showFlares":false,"showImageEffects":false,"showParticleSystems":false},"in2DMode":false,"pivot":{"x":-0.000001430511474609375,"y":0.4999995231628418,"z":-3.999999523162842},"rotation":{"x":-0.029643114656209947,"y":0.9572638273239136,"z":-0.10611473023891449,"w":-0.26740777492523196},"size":28.86321449279785,"orthographic":false}