{"cameraMode":{"drawMode":0,"name":"Shaded","section":"Shading Mode"},"sceneLighting":false,"audioPlay":false,"sceneViewState":{"showFog":false,"showMaterialUpdate":false,"showSkybox":false,"showFlares":false,"showImageEffects":false,"showParticleSystems":false},"in2DMode":false,"pivot":{"x":0.0,"y":-0.009000003337860108,"z":0.04900002479553223},"rotation":{"x":-0.10292293131351471,"y":0.6983414888381958,"z":-0.10255304723978043,"w":-0.7008629441261292},"size":3.299999713897705,"orthographic":false}