{"cameraMode":{"drawMode":0,"name":"Shaded","section":"Shading Mode"},"sceneLighting":false,"audioPlay":false,"sceneViewState":{"showFog":false,"showMaterialUpdate":false,"showSkybox":false,"showFlares":false,"showImageEffects":false,"showParticleSystems":false},"in2DMode":false,"pivot":{"x":-2.791966199874878,"y":-3.06201171875,"z":3.4952611923217775},"rotation":{"x":-0.1344948709011078,"y":0.7323282957077026,"z":-0.15150250494480134,"w":-0.6501180529594421},"size":2.310788869857788,"orthographic":false}